[{"id":"1","title":"Madonna","poster":"http:\/\/best-pics-hosting.cc\/upload\/music\/1355154119.jpg","active":"1","rating":"341"},{"id":"2","title":"PINK FLOYD","poster":"http:\/\/best-pics-hosting.cc\/upload\/music\/1354207618.jpg","active":"1","rating":"604"},{"id":"3","title":"Rihanna","poster":"http:\/\/best-pics-hosting.cc\/upload\/music\/1355158591.jpg","active":"1","rating":"1161"},{"id":"4","title":"Bruno Mars","poster":"http:\/\/best-pics-hosting.cc\/upload\/music\/1355163356.jpg","active":"1","rating":"1897"},{"id":"5","title":"Maroon 5","poster":"http:\/\/best-pics-hosting.cc\/upload\/music\/1355167244.jpg","active":"1","rating":"1003"},{"id":"6","title":"Britney Spears","poster":"http:\/\/best-pics-hosting.cc\/upload\/music\/1355173513.jpg","active":"1","rating":"609"},{"id":"7","title":"PSY","poster":"http:\/\/best-pics-hosting.cc\/upload\/music\/1355179006.jpg","active":"1","rating":"2567"},{"id":"8","title":"Pink","poster":"http:\/\/best-pics-hosting.cc\/upload\/music\/1355179826.jpg","active":"1","rating":"507"},{"id":"9","title":"Jennifer Lopez","poster":"http:\/\/best-pics-hosting.cc\/upload\/music\/1355183206.jpg","active":"1","rating":"657"},{"id":"10","title":"Justin Timberlake","poster":"http:\/\/best-pics-hosting.cc\/upload\/music\/1355230416.jpg","active":"1","rating":"658"},{"id":"11","title":"Selena Gomez","poster":"http:\/\/best-pics-hosting.cc\/upload\/music\/1355231418.jpg","active":"1","rating":"519"},{"id":"12","title":"Flo Rida","poster":"http:\/\/best-pics-hosting.cc\/upload\/music\/1355270297.jpg","active":"1","rating":"550"},{"id":"13","title":"Katy Perry","poster":"http:\/\/best-pics-hosting.cc\/upload\/music\/1355338306.jpg","active":"1","rating":"4282"},{"id":"14","title":"Amy Winehouse","poster":"http:\/\/best-pics-hosting.cc\/upload\/music\/1355339591.jpg","active":"1","rating":"411"},{"id":"15","title":"Lady Gaga","poster":"http:\/\/best-pics-hosting.cc\/upload\/music\/1355340272.jpg","active":"1","rating":"418"},{"id":"16","title":"Beyonce","poster":"http:\/\/best-pics-hosting.cc\/upload\/music\/1355341415.jpg","active":"1","rating":"1000"},{"id":"17","title":"Nicki Minaj","poster":"http:\/\/best-pics-hosting.cc\/upload\/music\/1355345124.jpg","active":"1","rating":"2895"},{"id":"18","title":"Kelly Clarkson","poster":"http:\/\/best-pics-hosting.cc\/upload\/music\/1355346620.jpg","active":"1","rating":"268"},{"id":"19","title":"Ne-Yo","poster":"http:\/\/best-pics-hosting.cc\/upload\/music\/1355348145.jpg","active":"1","rating":"423"},{"id":"20","title":"Alicia Keys","poster":"http:\/\/best-pics-hosting.cc\/upload\/music\/1355350102.jpg","active":"1","rating":"393"},{"id":"21","title":"Justin Bieber","poster":"http:\/\/best-pics-hosting.cc\/upload\/music\/1355351786.jpg","active":"1","rating":"1075"},{"id":"22","title":"Eminem","poster":"http:\/\/best-pics-hosting.cc\/upload\/music\/1355353266.jpg","active":"1","rating":"3277"},{"id":"23","title":"One Direction","poster":"http:\/\/best-pics-hosting.cc\/upload\/music\/1355355077.jpg","active":"1","rating":"564"},{"id":"24","title":"Hurts","poster":"http:\/\/best-pics-hosting.cc\/upload\/music\/1355687574.jpg","active":"1","rating":"109"},{"id":"25","title":"Michael Jackson","poster":"http:\/\/best-pics-hosting.cc\/upload\/music\/1355688714.jpg","active":"1","rating":"2078"},{"id":"26","title":"Whitney Houston","poster":"http:\/\/best-pics-hosting.cc\/upload\/music\/1355693177.jpg","active":"1","rating":"420"},{"id":"27","title":"Christina Aguilera","poster":"http:\/\/best-pics-hosting.cc\/upload\/music\/1355695664.jpg","active":"1","rating":"641"},{"id":"28","title":"Mariah Carey","poster":"http:\/\/best-pics-hosting.cc\/upload\/music\/1355695735.jpg","active":"1","rating":"630"},{"id":"29","title":"Avril Lavigne","poster":"http:\/\/best-pics-hosting.cc\/upload\/music\/1355695815.jpg","active":"1","rating":"533"},{"id":"30","title":"Nelly Furtado","poster":"http:\/\/best-pics-hosting.cc\/upload\/music\/1355695945.jpg","active":"1","rating":"291"},{"id":"31","title":"Evanescence","poster":"http:\/\/best-pics-hosting.cc\/upload\/music\/1355696109.jpg","active":"1","rating":"465"},{"id":"32","title":"No Doubt","poster":"http:\/\/best-pics-hosting.cc\/upload\/music\/1355696233.jpg","active":"1","rating":"222"},{"id":"33","title":"The Black Eyed Peas","poster":"http:\/\/best-pics-hosting.cc\/upload\/music\/1355696333.jpg","active":"1","rating":"566"},{"id":"34","title":"Will.i.am","poster":"http:\/\/best-pics-hosting.cc\/upload\/music\/1355772972.jpg","active":"1","rating":"572"},{"id":"35","title":"Fergie","poster":"http:\/\/best-pics-hosting.cc\/upload\/music\/1355773049.jpg","active":"1","rating":"376"},{"id":"36","title":"Taylor Swift","poster":"http:\/\/best-pics-hosting.cc\/upload\/music\/1355773208.jpg","active":"1","rating":"1384"},{"id":"37","title":"Adam Lambert","poster":"http:\/\/best-pics-hosting.cc\/upload\/music\/1355773390.jpg","active":"1","rating":"280"},{"id":"38","title":"Miley Cyrus","poster":"http:\/\/best-pics-hosting.cc\/upload\/music\/1355776855.jpg","active":"1","rating":"768"},{"id":"39","title":"Usher","poster":"http:\/\/best-pics-hosting.cc\/upload\/music\/1355871004.jpg","active":"1","rating":"995"},{"id":"40","title":"Nicole Scherzinger","poster":"http:\/\/best-pics-hosting.cc\/upload\/music\/1355871079.jpg","active":"1","rating":"727"},{"id":"41","title":"Kanye West","poster":"http:\/\/best-pics-hosting.cc\/upload\/music\/1355925140.jpg","active":"1","rating":"1801"},{"id":"42","title":"Shakira","poster":"http:\/\/best-pics-hosting.cc\/upload\/music\/1355925214.jpg","active":"1","rating":"1691"},{"id":"43","title":"Enrique Iglesias","poster":"http:\/\/best-pics-hosting.cc\/upload\/music\/1355925335.jpg","active":"1","rating":"878"},{"id":"44","title":"Jay-Z","poster":"http:\/\/best-pics-hosting.cc\/upload\/music\/1355925475.jpg","active":"1","rating":"948"},{"id":"45","title":"Timbaland","poster":"http:\/\/best-pics-hosting.cc\/upload\/music\/1355925576.jpg","active":"1","rating":"263"},{"id":"46","title":"Linkin Park","poster":"http:\/\/best-pics-hosting.cc\/upload\/music\/1355925676.jpg","active":"0","rating":"0"},{"id":"47","title":"Take That","poster":"http:\/\/best-pics-hosting.cc\/upload\/music\/1355925788.jpg","active":"0","rating":"0"},{"id":"48","title":"Green Day","poster":"http:\/\/best-pics-hosting.cc\/upload\/music\/1355925866.jpg","active":"0","rating":"0"},{"id":"49","title":"Robbie Williams","poster":"http:\/\/best-pics-hosting.cc\/upload\/music\/1355925919.jpg","active":"0","rating":"0"},{"id":"50","title":"50 Cent","poster":"http:\/\/best-pics-hosting.cc\/upload\/music\/1355925966.jpg","active":"0","rating":"0"},{"id":"51","title":"Backstreet Boys","poster":"http:\/\/best-pics-hosting.cc\/upload\/music\/1355927227.jpg","active":"0","rating":"0"},{"id":"52","title":"The lumineers","poster":"http:\/\/best-pics-hosting.cc\/upload\/music\/1359661667.jpg","active":"1","rating":"165"},{"id":"53","title":"Imagine Dragons","poster":"http:\/\/best-pics-hosting.cc\/upload\/music\/1364155993.jpg","active":"1","rating":"628"},{"id":"54","title":"Of Monsters and Men","poster":"http:\/\/best-pics-hosting.cc\/upload\/music\/1364156786.jpg","active":"1","rating":"197"},{"id":"55","title":"M83","poster":"http:\/\/best-pics-hosting.cc\/upload\/music\/1364157640.jpg","active":"1","rating":"182"},{"id":"56","title":"Gotye","poster":"http:\/\/best-pics-hosting.cc\/upload\/music\/1364158582.jpg","active":"1","rating":"187"},{"id":"57","title":"Mac Miller","poster":"http:\/\/best-pics-hosting.cc\/upload\/music\/1364817231.jpg","active":"1","rating":"481"}]