[{"date":"2014-10-05","id":4122,"text":"- Updated \"En\"-version of movie\n- Updated \"En\"-version of movie\n- Added new movie."},{"date":"2014-10-05","id":4121,"text":"- Added new movie."},{"date":"2014-10-05","id":4120,"text":"- Added new movie."},{"date":"2014-10-05","id":4119,"text":"- Added new movie."},{"date":"2014-10-05","id":4118,"text":"- Added new movie."},{"date":"2014-10-05","id":4117,"text":"- Added new movie."},{"date":"2014-10-05","id":4022,"text":"- Updated \"En\"-version of movie"},{"date":"2014-10-05","id":4029,"text":"- Updated \"En\"-version of movie"},{"date":"2014-10-05","id":4116,"text":"- Added new movie."},{"date":"2014-10-02","id":1508,"text":"- Updated \"En\"-version of movie"},{"date":"2014-10-02","id":4115,"text":"- Added new movie."},{"date":"2014-10-02","id":4114,"text":"- Added new movie."},{"date":"2014-10-02","id":4113,"text":"- Added new movie."},{"date":"2014-10-02","id":1022,"text":"- Updated \"En\"-version of movie"},{"date":"2014-10-02","id":3609,"text":"- Updated \"En\"-version of movie"},{"date":"2014-10-02","id":4112,"text":"- Added new movie."},{"date":"2014-10-02","id":4111,"text":"- Added new movie."},{"date":"2014-10-02","id":4110,"text":"- Added new movie."},{"date":"2014-10-02","id":4109,"text":"- Added new movie."},{"date":"2014-10-02","id":4108,"text":"- Added new movie."},{"date":"2014-10-02","id":4107,"text":"- Added new movie."},{"date":"2014-10-02","id":1195,"text":"- Updated \"En\"-version of movie"}]