[{"date":"2014-10-07","id":567,"text":"- New episodes\n- Added new TV-show."},{"date":"2014-10-07","id":422,"text":"- New episodes"},{"date":"2014-10-07","id":563,"text":"- New episodes"},{"date":"2014-10-07","id":306,"text":"- New episodes"},{"date":"2014-10-07","id":295,"text":"- New episodes"},{"date":"2014-10-07","id":442,"text":"- New episodes"},{"date":"2014-10-07","id":431,"text":"- New episodes"},{"date":"2014-10-07","id":2,"text":"- New episodes"},{"date":"2014-10-07","id":397,"text":"- New episodes"},{"date":"2014-10-07","id":51,"text":"- New episodes"},{"date":"2014-10-06","id":392,"text":"- New episodes"},{"date":"2014-10-06","id":331,"text":"- New episodes"},{"date":"2014-10-06","id":408,"text":"- New episodes"},{"date":"2014-10-06","id":449,"text":"- New episodes"},{"date":"2014-10-06","id":549,"text":"- New episodes"},{"date":"2014-10-06","id":76,"text":"- New episodes"},{"date":"2014-10-06","id":338,"text":"- New episodes"},{"date":"2014-10-06","id":149,"text":"- New episodes"},{"date":"2014-10-06","id":503,"text":"- New episodes"},{"date":"2014-10-06","id":74,"text":"- New episodes"},{"date":"2014-10-06","id":554,"text":"- New episodes"},{"date":"2014-10-06","id":118,"text":"- New episodes"},{"date":"2014-10-06","id":61,"text":"- New episodes"},{"date":"2014-10-06","id":48,"text":"- New episodes"},{"date":"2014-10-06","id":163,"text":"- New episodes"},{"date":"2014-10-06","id":424,"text":"- New episodes"},{"date":"2014-10-06","id":337,"text":"- New episodes"},{"date":"2014-10-06","id":6,"text":"- New episodes"},{"date":"2014-10-06","id":427,"text":"- New episodes"},{"date":"2014-10-05","id":566,"text":"- New episodes\n- Added new TV-show."},{"date":"2014-10-05","id":533,"text":"- New episodes"},{"date":"2014-10-05","id":561,"text":"- New episodes"},{"date":"2014-10-05","id":183,"text":"- New episodes"},{"date":"2014-10-05","id":102,"text":"- New episodes"},{"date":"2014-10-05","id":110,"text":"- New episodes"},{"date":"2014-10-04","id":564,"text":"- New episodes"},{"date":"2014-10-04","id":115,"text":"- New episodes"},{"date":"2014-10-04","id":296,"text":"- New episodes"},{"date":"2014-10-04","id":172,"text":"- New episodes"},{"date":"2014-10-04","id":72,"text":"- New episodes"},{"date":"2014-10-04","id":258,"text":"- New episodes"},{"date":"2014-10-03","id":36,"text":"- New episodes"},{"date":"2014-10-03","id":100,"text":"- New episodes"},{"date":"2014-10-03","id":457,"text":"- New episodes"},{"date":"2014-10-03","id":225,"text":"- New episodes"},{"date":"2014-10-03","id":140,"text":"- New episodes"},{"date":"2014-10-03","id":58,"text":"- New episodes"},{"date":"2014-10-03","id":153,"text":"- New episodes"},{"date":"2014-10-02","id":419,"text":"- New episodes"},{"date":"2014-10-02","id":253,"text":"- New episodes"},{"date":"2014-10-02","id":462,"text":"- New episodes"},{"date":"2014-10-02","id":375,"text":"- New episodes"},{"date":"2014-10-02","id":56,"text":"- New episodes"},{"date":"2014-10-02","id":155,"text":"- New episodes"},{"date":"2014-10-02","id":121,"text":"- New episodes"},{"date":"2014-10-02","id":560,"text":"- New episodes"},{"date":"2014-10-02","id":198,"text":"- New episodes"},{"date":"2014-10-02","id":164,"text":"- New episodes"},{"date":"2014-10-02","id":506,"text":"- New episodes"},{"date":"2014-10-01","id":268,"text":"- New episodes"},{"date":"2014-10-01","id":101,"text":"- New episodes"},{"date":"2014-10-01","id":116,"text":"- New episodes"},{"date":"2014-10-01","id":514,"text":"- New episodes"},{"date":"2014-10-01","id":15,"text":"- New episodes"},{"date":"2014-10-01","id":88,"text":"- New episodes"},{"date":"2014-10-01","id":377,"text":"- New episodes"},{"date":"2014-10-01","id":551,"text":"- New episodes"},{"date":"2014-10-01","id":432,"text":"- New episodes"},{"date":"2014-10-01","id":522,"text":"- New episodes"},{"date":"2014-10-01","id":137,"text":"- New episodes"},{"date":"2014-10-01","id":128,"text":"- New episodes"},{"date":"2014-10-01","id":103,"text":"- New episodes"},{"date":"2014-09-30","id":306,"text":"- New episodes"},{"date":"2014-09-30","id":431,"text":"- New episodes"},{"date":"2014-09-30","id":2,"text":"- New episodes"},{"date":"2014-09-30","id":422,"text":"- New episodes"},{"date":"2014-09-30","id":397,"text":"- New episodes"},{"date":"2014-09-30","id":563,"text":"- New episodes"},{"date":"2014-09-30","id":51,"text":"- New episodes"}]