<?xml version="1.0" encoding="UTF-8" standalone="yes"?>
<addon id="repository.mash2k3" name="All Addons by Mash" version="1.8" provider-name="MashUp">
	<extension point="xbmc.addon.repository" name="Addons from MashUp">
		<info compressed="false"> </info>
		<checksum> </checksum>
		<datadir zip="true"> </datadir>
	</extension>
	<extension point="xbmc.addon.metadata">
		<summary>Repo for Mash Up</summary>
		<description>Download and install MashUp.......For OFFICIAL !! Support Visit MASHUPXBMC.COM</description>
		<platform>all</platform>
	</extension>
</addon>

