<?xml version="1.0" encoding="UTF-8" standalone="yes"?>
<addon id="repository.mash2k3" name="All Addons by Mash" version="1.9" provider-name="Mash">
	<extension point="xbmc.addon.repository" name="Addons from Mash">
		<info compressed="false">https://gitlab.com/mash2k3/mash2k3-repository/raw/master/addons.xml</info>
		<checksum>https://gitlab.com/mash2k3/mash2k3-repository/raw/master/addons.xml.md5</checksum>
		<datadir zip="true">https://gitlab.com/mash2k3/mash2k3-repository/raw/master/zips</datadir>
	</extension>
	<extension point="xbmc.addon.metadata">
		<summary>Repo for Mash Up and More</summary>
		<description>Download and install MashUp.......For OFFICIAL !! Support Visit MASHUPXBMC.COM</description>
		<platform>all</platform>
	</extension>
</addon>